Profession,Question,Answer
Actor,What skills are essential to becoming a successful Actor?,"Key skills for a successful Actor include technical expertise, problem-solving abilities, communication skills, and adaptability."
Actor,What educational background is required for a career in Actor?,"A degree in a relevant field such as [specific field] is typically required for a career in Actor. However, certifications and self-learning can also be valuable."
Actor,What are the biggest challenges faced by professionals in Actor?,"Challenges in Actor include staying updated with industry trends, maintaining work-life balance, dealing with competition, and adapting to technological advancements."
Actor,What does a typical day look like for a Actor?,"A typical day for a Actor involves tasks like [common daily activities], collaborating with teams, and continuous learning to improve skills."
Actor,What are some emerging trends in Actor?,"Emerging trends in Actor include advancements in technology, new methodologies, and industry-specific innovations that are shaping the future."
Actor,How do professionals in Actor stay updated with industry developments?,"Professionals in Actor stay updated by attending conferences, taking online courses, networking, and reading industry publications."
Actor,What are the most common career paths leading to Actor?,"Common career paths leading to Actor include starting with an entry-level role, gaining experience, and specializing in a niche area over time."
Actor,What are the key responsibilities of a Actor?,"The key responsibilities of a Actor include [primary tasks], ensuring quality work, and contributing to the industry through innovation."
Actor,What soft skills are necessary for excelling in Actor?,"Important soft skills for Actor include communication, teamwork, creativity, adaptability, and time management."
Actor,What are the best ways to gain hands-on experience in Actor?,"Gaining experience in Actor can be done through internships, freelance projects, mentorship programs, and practical training."
Animator,What skills are essential to becoming a successful Animator?,"Key skills for a successful Animator include technical expertise, problem-solving abilities, communication skills, and adaptability."
Animator,What educational background is required for a career in Animator?,"A degree in a relevant field such as [specific field] is typically required for a career in Animator. However, certifications and self-learning can also be valuable."
Animator,What are the biggest challenges faced by professionals in Animator?,"Challenges in Animator include staying updated with industry trends, maintaining work-life balance, dealing with competition, and adapting to technological advancements."
Animator,What does a typical day look like for a Animator?,"A typical day for a Animator involves tasks like [common daily activities], collaborating with teams, and continuous learning to improve skills."
Animator,What are some emerging trends in Animator?,"Emerging trends in Animator include advancements in technology, new methodologies, and industry-specific innovations that are shaping the future."
Animator,How do professionals in Animator stay updated with industry developments?,"Professionals in Animator stay updated by attending conferences, taking online courses, networking, and reading industry publications."
Animator,What are the most common career paths leading to Animator?,"Common career paths leading to Animator include starting with an entry-level role, gaining experience, and specializing in a niche area over time."
Animator,What are the key responsibilities of a Animator?,"The key responsibilities of a Animator include [primary tasks], ensuring quality work, and contributing to the industry through innovation."
Animator,What soft skills are necessary for excelling in Animator?,"Important soft skills for Animator include communication, teamwork, creativity, adaptability, and time management."
Animator,What are the best ways to gain hands-on experience in Animator?,"Gaining experience in Animator can be done through internships, freelance projects, mentorship programs, and practical training."
Architect,What skills are essential to becoming a successful Architect?,"Key skills for a successful Architect include technical expertise, problem-solving abilities, communication skills, and adaptability."
Architect,What educational background is required for a career in Architect?,"A degree in a relevant field such as [specific field] is typically required for a career in Architect. However, certifications and self-learning can also be valuable."
Architect,What are the biggest challenges faced by professionals in Architect?,"Challenges in Architect include staying updated with industry trends, maintaining work-life balance, dealing with competition, and adapting to technological advancements."
Architect,What does a typical day look like for a Architect?,"A typical day for a Architect involves tasks like [common daily activities], collaborating with teams, and continuous learning to improve skills."
Architect,What are some emerging trends in Architect?,"Emerging trends in Architect include advancements in technology, new methodologies, and industry-specific innovations that are shaping the future."
Architect,How do professionals in Architect stay updated with industry developments?,"Professionals in Architect stay updated by attending conferences, taking online courses, networking, and reading industry publications."
Architect,What are the most common career paths leading to Architect?,"Common career paths leading to Architect include starting with an entry-level role, gaining experience, and specializing in a niche area over time."
Architect,What are the key responsibilities of a Architect?,"The key responsibilities of a Architect include [primary tasks], ensuring quality work, and contributing to the industry through innovation."
Architect,What soft skills are necessary for excelling in Architect?,"Important soft skills for Architect include communication, teamwork, creativity, adaptability, and time management."
Architect,What are the best ways to gain hands-on experience in Architect?,"Gaining experience in Architect can be done through internships, freelance projects, mentorship programs, and practical training."
Author,What skills are essential to becoming a successful Author?,"Key skills for a successful Author include technical expertise, problem-solving abilities, communication skills, and adaptability."
Author,What educational background is required for a career in Author?,"A degree in a relevant field such as [specific field] is typically required for a career in Author. However, certifications and self-learning can also be valuable."
Author,What are the biggest challenges faced by professionals in Author?,"Challenges in Author include staying updated with industry trends, maintaining work-life balance, dealing with competition, and adapting to technological advancements."
Author,What does a typical day look like for a Author?,"A typical day for a Author involves tasks like [common daily activities], collaborating with teams, and continuous learning to improve skills."
Author,What are some emerging trends in Author?,"Emerging trends in Author include advancements in technology, new methodologies, and industry-specific innovations that are shaping the future."
Author,How do professionals in Author stay updated with industry developments?,"Professionals in Author stay updated by attending conferences, taking online courses, networking, and reading industry publications."
Author,What are the most common career paths leading to Author?,"Common career paths leading to Author include starting with an entry-level role, gaining experience, and specializing in a niche area over time."
Author,What are the key responsibilities of a Author?,"The key responsibilities of a Author include [primary tasks], ensuring quality work, and contributing to the industry through innovation."
Author,What soft skills are necessary for excelling in Author?,"Important soft skills for Author include communication, teamwork, creativity, adaptability, and time management."
Author,What are the best ways to gain hands-on experience in Author?,"Gaining experience in Author can be done through internships, freelance projects, mentorship programs, and practical training."
Composer,What skills are essential to becoming a successful Composer?,"Key skills for a successful Composer include technical expertise, problem-solving abilities, communication skills, and adaptability."
Composer,What educational background is required for a career in Composer?,"A degree in a relevant field such as [specific field] is typically required for a career in Composer. However, certifications and self-learning can also be valuable."
Composer,What are the biggest challenges faced by professionals in Composer?,"Challenges in Composer include staying updated with industry trends, maintaining work-life balance, dealing with competition, and adapting to technological advancements."
Composer,What does a typical day look like for a Composer?,"A typical day for a Composer involves tasks like [common daily activities], collaborating with teams, and continuous learning to improve skills."
Composer,What are some emerging trends in Composer?,"Emerging trends in Composer include advancements in technology, new methodologies, and industry-specific innovations that are shaping the future."
Composer,How do professionals in Composer stay updated with industry developments?,"Professionals in Composer stay updated by attending conferences, taking online courses, networking, and reading industry publications."
Composer,What are the most common career paths leading to Composer?,"Common career paths leading to Composer include starting with an entry-level role, gaining experience, and specializing in a niche area over time."
Composer,What are the key responsibilities of a Composer?,"The key responsibilities of a Composer include [primary tasks], ensuring quality work, and contributing to the industry through innovation."
Composer,What soft skills are necessary for excelling in Composer?,"Important soft skills for Composer include communication, teamwork, creativity, adaptability, and time management."
Composer,What are the best ways to gain hands-on experience in Composer?,"Gaining experience in Composer can be done through internships, freelance projects, mentorship programs, and practical training."
Conductor,What skills are essential to becoming a successful Conductor?,"Key skills for a successful Conductor include technical expertise, problem-solving abilities, communication skills, and adaptability."
Conductor,What educational background is required for a career in Conductor?,"A degree in a relevant field such as [specific field] is typically required for a career in Conductor. However, certifications and self-learning can also be valuable."
Conductor,What are the biggest challenges faced by professionals in Conductor?,"Challenges in Conductor include staying updated with industry trends, maintaining work-life balance, dealing with competition, and adapting to technological advancements."
Conductor,What does a typical day look like for a Conductor?,"A typical day for a Conductor involves tasks like [common daily activities], collaborating with teams, and continuous learning to improve skills."
Conductor,What are some emerging trends in Conductor?,"Emerging trends in Conductor include advancements in technology, new methodologies, and industry-specific innovations that are shaping the future."
Conductor,How do professionals in Conductor stay updated with industry developments?,"Professionals in Conductor stay updated by attending conferences, taking online courses, networking, and reading industry publications."
Conductor,What are the most common career paths leading to Conductor?,"Common career paths leading to Conductor include starting with an entry-level role, gaining experience, and specializing in a niche area over time."
Conductor,What are the key responsibilities of a Conductor?,"The key responsibilities of a Conductor include [primary tasks], ensuring quality work, and contributing to the industry through innovation."
Conductor,What soft skills are necessary for excelling in Conductor?,"Important soft skills for Conductor include communication, teamwork, creativity, adaptability, and time management."
Conductor,What are the best ways to gain hands-on experience in Conductor?,"Gaining experience in Conductor can be done through internships, freelance projects, mentorship programs, and practical training."
Corporate Trainer,What skills are essential to becoming a successful Corporate Trainer?,"Key skills for a successful Corporate Trainer include technical expertise, problem-solving abilities, communication skills, and adaptability."
Corporate Trainer,What educational background is required for a career in Corporate Trainer?,"A degree in a relevant field such as [specific field] is typically required for a career in Corporate Trainer. However, certifications and self-learning can also be valuable."
Corporate Trainer,What are the biggest challenges faced by professionals in Corporate Trainer?,"Challenges in Corporate Trainer include staying updated with industry trends, maintaining work-life balance, dealing with competition, and adapting to technological advancements."
Corporate Trainer,What does a typical day look like for a Corporate Trainer?,"A typical day for a Corporate Trainer involves tasks like [common daily activities], collaborating with teams, and continuous learning to improve skills."
Corporate Trainer,What are some emerging trends in Corporate Trainer?,"Emerging trends in Corporate Trainer include advancements in technology, new methodologies, and industry-specific innovations that are shaping the future."
Corporate Trainer,How do professionals in Corporate Trainer stay updated with industry developments?,"Professionals in Corporate Trainer stay updated by attending conferences, taking online courses, networking, and reading industry publications."
Corporate Trainer,What are the most common career paths leading to Corporate Trainer?,"Common career paths leading to Corporate Trainer include starting with an entry-level role, gaining experience, and specializing in a niche area over time."
Corporate Trainer,What are the key responsibilities of a Corporate Trainer?,"The key responsibilities of a Corporate Trainer include [primary tasks], ensuring quality work, and contributing to the industry through innovation."
Corporate Trainer,What soft skills are necessary for excelling in Corporate Trainer?,"Important soft skills for Corporate Trainer include communication, teamwork, creativity, adaptability, and time management."
Corporate Trainer,What are the best ways to gain hands-on experience in Corporate Trainer?,"Gaining experience in Corporate Trainer can be done through internships, freelance projects, mentorship programs, and practical training."
Counselor,What skills are essential to becoming a successful Counselor?,"Key skills for a successful Counselor include technical expertise, problem-solving abilities, communication skills, and adaptability."
Counselor,What educational background is required for a career in Counselor?,"A degree in a relevant field such as [specific field] is typically required for a career in Counselor. However, certifications and self-learning can also be valuable."
Counselor,What are the biggest challenges faced by professionals in Counselor?,"Challenges in Counselor include staying updated with industry trends, maintaining work-life balance, dealing with competition, and adapting to technological advancements."
Counselor,What does a typical day look like for a Counselor?,"A typical day for a Counselor involves tasks like [common daily activities], collaborating with teams, and continuous learning to improve skills."
Counselor,What are some emerging trends in Counselor?,"Emerging trends in Counselor include advancements in technology, new methodologies, and industry-specific innovations that are shaping the future."
Counselor,How do professionals in Counselor stay updated with industry developments?,"Professionals in Counselor stay updated by attending conferences, taking online courses, networking, and reading industry publications."
Counselor,What are the most common career paths leading to Counselor?,"Common career paths leading to Counselor include starting with an entry-level role, gaining experience, and specializing in a niche area over time."
Counselor,What are the key responsibilities of a Counselor?,"The key responsibilities of a Counselor include [primary tasks], ensuring quality work, and contributing to the industry through innovation."
Counselor,What soft skills are necessary for excelling in Counselor?,"Important soft skills for Counselor include communication, teamwork, creativity, adaptability, and time management."
Counselor,What are the best ways to gain hands-on experience in Counselor?,"Gaining experience in Counselor can be done through internships, freelance projects, mentorship programs, and practical training."
Dancer,What skills are essential to becoming a successful Dancer?,"Key skills for a successful Dancer include technical expertise, problem-solving abilities, communication skills, and adaptability."
Dancer,What educational background is required for a career in Dancer?,"A degree in a relevant field such as [specific field] is typically required for a career in Dancer. However, certifications and self-learning can also be valuable."
Dancer,What are the biggest challenges faced by professionals in Dancer?,"Challenges in Dancer include staying updated with industry trends, maintaining work-life balance, dealing with competition, and adapting to technological advancements."
Dancer,What does a typical day look like for a Dancer?,"A typical day for a Dancer involves tasks like [common daily activities], collaborating with teams, and continuous learning to improve skills."
Dancer,What are some emerging trends in Dancer?,"Emerging trends in Dancer include advancements in technology, new methodologies, and industry-specific innovations that are shaping the future."
Dancer,How do professionals in Dancer stay updated with industry developments?,"Professionals in Dancer stay updated by attending conferences, taking online courses, networking, and reading industry publications."
Dancer,What are the most common career paths leading to Dancer?,"Common career paths leading to Dancer include starting with an entry-level role, gaining experience, and specializing in a niche area over time."
Dancer,What are the key responsibilities of a Dancer?,"The key responsibilities of a Dancer include [primary tasks], ensuring quality work, and contributing to the industry through innovation."
Dancer,What soft skills are necessary for excelling in Dancer?,"Important soft skills for Dancer include communication, teamwork, creativity, adaptability, and time management."
Dancer,What are the best ways to gain hands-on experience in Dancer?,"Gaining experience in Dancer can be done through internships, freelance projects, mentorship programs, and practical training."
Data Scientist,What skills are essential to becoming a successful Data Scientist?,"Key skills for a successful Data Scientist include technical expertise, problem-solving abilities, communication skills, and adaptability."
Data Scientist,What educational background is required for a career in Data Scientist?,"A degree in a relevant field such as [specific field] is typically required for a career in Data Scientist. However, certifications and self-learning can also be valuable."
Data Scientist,What are the biggest challenges faced by professionals in Data Scientist?,"Challenges in Data Scientist include staying updated with industry trends, maintaining work-life balance, dealing with competition, and adapting to technological advancements."
Data Scientist,What does a typical day look like for a Data Scientist?,"A typical day for a Data Scientist involves tasks like [common daily activities], collaborating with teams, and continuous learning to improve skills."
Data Scientist,What are some emerging trends in Data Scientist?,"Emerging trends in Data Scientist include advancements in technology, new methodologies, and industry-specific innovations that are shaping the future."
Data Scientist,How do professionals in Data Scientist stay updated with industry developments?,"Professionals in Data Scientist stay updated by attending conferences, taking online courses, networking, and reading industry publications."
Data Scientist,What are the most common career paths leading to Data Scientist?,"Common career paths leading to Data Scientist include starting with an entry-level role, gaining experience, and specializing in a niche area over time."
Data Scientist,What are the key responsibilities of a Data Scientist?,"The key responsibilities of a Data Scientist include [primary tasks], ensuring quality work, and contributing to the industry through innovation."
Data Scientist,What soft skills are necessary for excelling in Data Scientist?,"Important soft skills for Data Scientist include communication, teamwork, creativity, adaptability, and time management."
Data Scientist,What are the best ways to gain hands-on experience in Data Scientist?,"Gaining experience in Data Scientist can be done through internships, freelance projects, mentorship programs, and practical training."
Editor,What skills are essential to becoming a successful Editor?,"Key skills for a successful Editor include technical expertise, problem-solving abilities, communication skills, and adaptability."
Editor,What educational background is required for a career in Editor?,"A degree in a relevant field such as [specific field] is typically required for a career in Editor. However, certifications and self-learning can also be valuable."
Editor,What are the biggest challenges faced by professionals in Editor?,"Challenges in Editor include staying updated with industry trends, maintaining work-life balance, dealing with competition, and adapting to technological advancements."
Editor,What does a typical day look like for a Editor?,"A typical day for a Editor involves tasks like [common daily activities], collaborating with teams, and continuous learning to improve skills."
Editor,What are some emerging trends in Editor?,"Emerging trends in Editor include advancements in technology, new methodologies, and industry-specific innovations that are shaping the future."
Editor,How do professionals in Editor stay updated with industry developments?,"Professionals in Editor stay updated by attending conferences, taking online courses, networking, and reading industry publications."
Editor,What are the most common career paths leading to Editor?,"Common career paths leading to Editor include starting with an entry-level role, gaining experience, and specializing in a niche area over time."
Editor,What are the key responsibilities of a Editor?,"The key responsibilities of a Editor include [primary tasks], ensuring quality work, and contributing to the industry through innovation."
Editor,What soft skills are necessary for excelling in Editor?,"Important soft skills for Editor include communication, teamwork, creativity, adaptability, and time management."
Editor,What are the best ways to gain hands-on experience in Editor?,"Gaining experience in Editor can be done through internships, freelance projects, mentorship programs, and practical training."
Economist,What skills are essential to becoming a successful Economist?,"Key skills for a successful Economist include technical expertise, problem-solving abilities, communication skills, and adaptability."
Economist,What educational background is required for a career in Economist?,"A degree in a relevant field such as [specific field] is typically required for a career in Economist. However, certifications and self-learning can also be valuable."
Economist,What are the biggest challenges faced by professionals in Economist?,"Challenges in Economist include staying updated with industry trends, maintaining work-life balance, dealing with competition, and adapting to technological advancements."
Economist,What does a typical day look like for a Economist?,"A typical day for a Economist involves tasks like [common daily activities], collaborating with teams, and continuous learning to improve skills."
Economist,What are some emerging trends in Economist?,"Emerging trends in Economist include advancements in technology, new methodologies, and industry-specific innovations that are shaping the future."
Economist,How do professionals in Economist stay updated with industry developments?,"Professionals in Economist stay updated by attending conferences, taking online courses, networking, and reading industry publications."
Economist,What are the most common career paths leading to Economist?,"Common career paths leading to Economist include starting with an entry-level role, gaining experience, and specializing in a niche area over time."
Economist,What are the key responsibilities of a Economist?,"The key responsibilities of a Economist include [primary tasks], ensuring quality work, and contributing to the industry through innovation."
Economist,What soft skills are necessary for excelling in Economist?,"Important soft skills for Economist include communication, teamwork, creativity, adaptability, and time management."
Economist,What are the best ways to gain hands-on experience in Economist?,"Gaining experience in Economist can be done through internships, freelance projects, mentorship programs, and practical training."
Environmental Scientist,What skills are essential to becoming a successful Environmental Scientist?,"Key skills for a successful Environmental Scientist include technical expertise, problem-solving abilities, communication skills, and adaptability."
Environmental Scientist,What educational background is required for a career in Environmental Scientist?,"A degree in a relevant field such as [specific field] is typically required for a career in Environmental Scientist. However, certifications and self-learning can also be valuable."
Environmental Scientist,What are the biggest challenges faced by professionals in Environmental Scientist?,"Challenges in Environmental Scientist include staying updated with industry trends, maintaining work-life balance, dealing with competition, and adapting to technological advancements."
Environmental Scientist,What does a typical day look like for a Environmental Scientist?,"A typical day for a Environmental Scientist involves tasks like [common daily activities], collaborating with teams, and continuous learning to improve skills."
Environmental Scientist,What are some emerging trends in Environmental Scientist?,"Emerging trends in Environmental Scientist include advancements in technology, new methodologies, and industry-specific innovations that are shaping the future."
Environmental Scientist,How do professionals in Environmental Scientist stay updated with industry developments?,"Professionals in Environmental Scientist stay updated by attending conferences, taking online courses, networking, and reading industry publications."
Environmental Scientist,What are the most common career paths leading to Environmental Scientist?,"Common career paths leading to Environmental Scientist include starting with an entry-level role, gaining experience, and specializing in a niche area over time."
Environmental Scientist,What are the key responsibilities of a Environmental Scientist?,"The key responsibilities of a Environmental Scientist include [primary tasks], ensuring quality work, and contributing to the industry through innovation."
Environmental Scientist,What soft skills are necessary for excelling in Environmental Scientist?,"Important soft skills for Environmental Scientist include communication, teamwork, creativity, adaptability, and time management."
Environmental Scientist,What are the best ways to gain hands-on experience in Environmental Scientist?,"Gaining experience in Environmental Scientist can be done through internships, freelance projects, mentorship programs, and practical training."
Event Planner,What skills are essential to becoming a successful Event Planner?,"Key skills for a successful Event Planner include technical expertise, problem-solving abilities, communication skills, and adaptability."
Event Planner,What educational background is required for a career in Event Planner?,"A degree in a relevant field such as [specific field] is typically required for a career in Event Planner. However, certifications and self-learning can also be valuable."
Event Planner,What are the biggest challenges faced by professionals in Event Planner?,"Challenges in Event Planner include staying updated with industry trends, maintaining work-life balance, dealing with competition, and adapting to technological advancements."
Event Planner,What does a typical day look like for a Event Planner?,"A typical day for a Event Planner involves tasks like [common daily activities], collaborating with teams, and continuous learning to improve skills."
Event Planner,What are some emerging trends in Event Planner?,"Emerging trends in Event Planner include advancements in technology, new methodologies, and industry-specific innovations that are shaping the future."
Event Planner,How do professionals in Event Planner stay updated with industry developments?,"Professionals in Event Planner stay updated by attending conferences, taking online courses, networking, and reading industry publications."
Event Planner,What are the most common career paths leading to Event Planner?,"Common career paths leading to Event Planner include starting with an entry-level role, gaining experience, and specializing in a niche area over time."
Event Planner,What are the key responsibilities of a Event Planner?,"The key responsibilities of a Event Planner include [primary tasks], ensuring quality work, and contributing to the industry through innovation."
Event Planner,What soft skills are necessary for excelling in Event Planner?,"Important soft skills for Event Planner include communication, teamwork, creativity, adaptability, and time management."
Event Planner,What are the best ways to gain hands-on experience in Event Planner?,"Gaining experience in Event Planner can be done through internships, freelance projects, mentorship programs, and practical training."
Financial Analyst,What skills are essential to becoming a successful Financial Analyst?,"Key skills for a successful Financial Analyst include technical expertise, problem-solving abilities, communication skills, and adaptability."
Financial Analyst,What educational background is required for a career in Financial Analyst?,"A degree in a relevant field such as [specific field] is typically required for a career in Financial Analyst. However, certifications and self-learning can also be valuable."
Financial Analyst,What are the biggest challenges faced by professionals in Financial Analyst?,"Challenges in Financial Analyst include staying updated with industry trends, maintaining work-life balance, dealing with competition, and adapting to technological advancements."
Financial Analyst,What does a typical day look like for a Financial Analyst?,"A typical day for a Financial Analyst involves tasks like [common daily activities], collaborating with teams, and continuous learning to improve skills."
Financial Analyst,What are some emerging trends in Financial Analyst?,"Emerging trends in Financial Analyst include advancements in technology, new methodologies, and industry-specific innovations that are shaping the future."
Financial Analyst,How do professionals in Financial Analyst stay updated with industry developments?,"Professionals in Financial Analyst stay updated by attending conferences, taking online courses, networking, and reading industry publications."
Financial Analyst,What are the most common career paths leading to Financial Analyst?,"Common career paths leading to Financial Analyst include starting with an entry-level role, gaining experience, and specializing in a niche area over time."
Financial Analyst,What are the key responsibilities of a Financial Analyst?,"The key responsibilities of a Financial Analyst include [primary tasks], ensuring quality work, and contributing to the industry through innovation."
Financial Analyst,What soft skills are necessary for excelling in Financial Analyst?,"Important soft skills for Financial Analyst include communication, teamwork, creativity, adaptability, and time management."
Financial Analyst,What are the best ways to gain hands-on experience in Financial Analyst?,"Gaining experience in Financial Analyst can be done through internships, freelance projects, mentorship programs, and practical training."
Graphic Designer,What skills are essential to becoming a successful Graphic Designer?,"Key skills for a successful Graphic Designer include technical expertise, problem-solving abilities, communication skills, and adaptability."
Graphic Designer,What educational background is required for a career in Graphic Designer?,"A degree in a relevant field such as [specific field] is typically required for a career in Graphic Designer. However, certifications and self-learning can also be valuable."
Graphic Designer,What are the biggest challenges faced by professionals in Graphic Designer?,"Challenges in Graphic Designer include staying updated with industry trends, maintaining work-life balance, dealing with competition, and adapting to technological advancements."
Graphic Designer,What does a typical day look like for a Graphic Designer?,"A typical day for a Graphic Designer involves tasks like [common daily activities], collaborating with teams, and continuous learning to improve skills."
Graphic Designer,What are some emerging trends in Graphic Designer?,"Emerging trends in Graphic Designer include advancements in technology, new methodologies, and industry-specific innovations that are shaping the future."
Graphic Designer,How do professionals in Graphic Designer stay updated with industry developments?,"Professionals in Graphic Designer stay updated by attending conferences, taking online courses, networking, and reading industry publications."
Graphic Designer,What are the most common career paths leading to Graphic Designer?,"Common career paths leading to Graphic Designer include starting with an entry-level role, gaining experience, and specializing in a niche area over time."
Graphic Designer,What are the key responsibilities of a Graphic Designer?,"The key responsibilities of a Graphic Designer include [primary tasks], ensuring quality work, and contributing to the industry through innovation."
Graphic Designer,What soft skills are necessary for excelling in Graphic Designer?,"Important soft skills for Graphic Designer include communication, teamwork, creativity, adaptability, and time management."
Graphic Designer,What are the best ways to gain hands-on experience in Graphic Designer?,"Gaining experience in Graphic Designer can be done through internships, freelance projects, mentorship programs, and practical training."
HR Manager,What skills are essential to becoming a successful HR Manager?,"Key skills for a successful HR Manager include technical expertise, problem-solving abilities, communication skills, and adaptability."
HR Manager,What educational background is required for a career in HR Manager?,"A degree in a relevant field such as [specific field] is typically required for a career in HR Manager. However, certifications and self-learning can also be valuable."
HR Manager,What are the biggest challenges faced by professionals in HR Manager?,"Challenges in HR Manager include staying updated with industry trends, maintaining work-life balance, dealing with competition, and adapting to technological advancements."
HR Manager,What does a typical day look like for a HR Manager?,"A typical day for a HR Manager involves tasks like [common daily activities], collaborating with teams, and continuous learning to improve skills."
HR Manager,What are some emerging trends in HR Manager?,"Emerging trends in HR Manager include advancements in technology, new methodologies, and industry-specific innovations that are shaping the future."
HR Manager,How do professionals in HR Manager stay updated with industry developments?,"Professionals in HR Manager stay updated by attending conferences, taking online courses, networking, and reading industry publications."
HR Manager,What are the most common career paths leading to HR Manager?,"Common career paths leading to HR Manager include starting with an entry-level role, gaining experience, and specializing in a niche area over time."
HR Manager,What are the key responsibilities of a HR Manager?,"The key responsibilities of a HR Manager include [primary tasks], ensuring quality work, and contributing to the industry through innovation."
HR Manager,What soft skills are necessary for excelling in HR Manager?,"Important soft skills for HR Manager include communication, teamwork, creativity, adaptability, and time management."
HR Manager,What are the best ways to gain hands-on experience in HR Manager?,"Gaining experience in HR Manager can be done through internships, freelance projects, mentorship programs, and practical training."
Industrial Designer,What skills are essential to becoming a successful Industrial Designer?,"Key skills for a successful Industrial Designer include technical expertise, problem-solving abilities, communication skills, and adaptability."
Industrial Designer,What educational background is required for a career in Industrial Designer?,"A degree in a relevant field such as [specific field] is typically required for a career in Industrial Designer. However, certifications and self-learning can also be valuable."
Industrial Designer,What are the biggest challenges faced by professionals in Industrial Designer?,"Challenges in Industrial Designer include staying updated with industry trends, maintaining work-life balance, dealing with competition, and adapting to technological advancements."
Industrial Designer,What does a typical day look like for a Industrial Designer?,"A typical day for a Industrial Designer involves tasks like [common daily activities], collaborating with teams, and continuous learning to improve skills."
Industrial Designer,What are some emerging trends in Industrial Designer?,"Emerging trends in Industrial Designer include advancements in technology, new methodologies, and industry-specific innovations that are shaping the future."
Industrial Designer,How do professionals in Industrial Designer stay updated with industry developments?,"Professionals in Industrial Designer stay updated by attending conferences, taking online courses, networking, and reading industry publications."
Industrial Designer,What are the most common career paths leading to Industrial Designer?,"Common career paths leading to Industrial Designer include starting with an entry-level role, gaining experience, and specializing in a niche area over time."
Industrial Designer,What are the key responsibilities of a Industrial Designer?,"The key responsibilities of a Industrial Designer include [primary tasks], ensuring quality work, and contributing to the industry through innovation."
Industrial Designer,What soft skills are necessary for excelling in Industrial Designer?,"Important soft skills for Industrial Designer include communication, teamwork, creativity, adaptability, and time management."
Industrial Designer,What are the best ways to gain hands-on experience in Industrial Designer?,"Gaining experience in Industrial Designer can be done through internships, freelance projects, mentorship programs, and practical training."
Journalist,What skills are essential to becoming a successful Journalist?,"Key skills for a successful Journalist include technical expertise, problem-solving abilities, communication skills, and adaptability."
Journalist,What educational background is required for a career in Journalist?,"A degree in a relevant field such as [specific field] is typically required for a career in Journalist. However, certifications and self-learning can also be valuable."
Journalist,What are the biggest challenges faced by professionals in Journalist?,"Challenges in Journalist include staying updated with industry trends, maintaining work-life balance, dealing with competition, and adapting to technological advancements."
Journalist,What does a typical day look like for a Journalist?,"A typical day for a Journalist involves tasks like [common daily activities], collaborating with teams, and continuous learning to improve skills."
Journalist,What are some emerging trends in Journalist?,"Emerging trends in Journalist include advancements in technology, new methodologies, and industry-specific innovations that are shaping the future."
Journalist,How do professionals in Journalist stay updated with industry developments?,"Professionals in Journalist stay updated by attending conferences, taking online courses, networking, and reading industry publications."
Journalist,What are the most common career paths leading to Journalist?,"Common career paths leading to Journalist include starting with an entry-level role, gaining experience, and specializing in a niche area over time."
Journalist,What are the key responsibilities of a Journalist?,"The key responsibilities of a Journalist include [primary tasks], ensuring quality work, and contributing to the industry through innovation."
Journalist,What soft skills are necessary for excelling in Journalist?,"Important soft skills for Journalist include communication, teamwork, creativity, adaptability, and time management."
Journalist,What are the best ways to gain hands-on experience in Journalist?,"Gaining experience in Journalist can be done through internships, freelance projects, mentorship programs, and practical training."
Lawyer,What skills are essential to becoming a successful Lawyer?,"Key skills for a successful Lawyer include technical expertise, problem-solving abilities, communication skills, and adaptability."
Lawyer,What educational background is required for a career in Lawyer?,"A degree in a relevant field such as [specific field] is typically required for a career in Lawyer. However, certifications and self-learning can also be valuable."
Lawyer,What are the biggest challenges faced by professionals in Lawyer?,"Challenges in Lawyer include staying updated with industry trends, maintaining work-life balance, dealing with competition, and adapting to technological advancements."
Lawyer,What does a typical day look like for a Lawyer?,"A typical day for a Lawyer involves tasks like [common daily activities], collaborating with teams, and continuous learning to improve skills."
Lawyer,What are some emerging trends in Lawyer?,"Emerging trends in Lawyer include advancements in technology, new methodologies, and industry-specific innovations that are shaping the future."
Lawyer,How do professionals in Lawyer stay updated with industry developments?,"Professionals in Lawyer stay updated by attending conferences, taking online courses, networking, and reading industry publications."
Lawyer,What are the most common career paths leading to Lawyer?,"Common career paths leading to Lawyer include starting with an entry-level role, gaining experience, and specializing in a niche area over time."
Lawyer,What are the key responsibilities of a Lawyer?,"The key responsibilities of a Lawyer include [primary tasks], ensuring quality work, and contributing to the industry through innovation."
Lawyer,What soft skills are necessary for excelling in Lawyer?,"Important soft skills for Lawyer include communication, teamwork, creativity, adaptability, and time management."
Lawyer,What are the best ways to gain hands-on experience in Lawyer?,"Gaining experience in Lawyer can be done through internships, freelance projects, mentorship programs, and practical training."
Life Coach,What skills are essential to becoming a successful Life Coach?,"Key skills for a successful Life Coach include technical expertise, problem-solving abilities, communication skills, and adaptability."
Life Coach,What educational background is required for a career in Life Coach?,"A degree in a relevant field such as [specific field] is typically required for a career in Life Coach. However, certifications and self-learning can also be valuable."
Life Coach,What are the biggest challenges faced by professionals in Life Coach?,"Challenges in Life Coach include staying updated with industry trends, maintaining work-life balance, dealing with competition, and adapting to technological advancements."
Life Coach,What does a typical day look like for a Life Coach?,"A typical day for a Life Coach involves tasks like [common daily activities], collaborating with teams, and continuous learning to improve skills."
Life Coach,What are some emerging trends in Life Coach?,"Emerging trends in Life Coach include advancements in technology, new methodologies, and industry-specific innovations that are shaping the future."
Life Coach,How do professionals in Life Coach stay updated with industry developments?,"Professionals in Life Coach stay updated by attending conferences, taking online courses, networking, and reading industry publications."
Life Coach,What are the most common career paths leading to Life Coach?,"Common career paths leading to Life Coach include starting with an entry-level role, gaining experience, and specializing in a niche area over time."
Life Coach,What are the key responsibilities of a Life Coach?,"The key responsibilities of a Life Coach include [primary tasks], ensuring quality work, and contributing to the industry through innovation."
Life Coach,What soft skills are necessary for excelling in Life Coach?,"Important soft skills for Life Coach include communication, teamwork, creativity, adaptability, and time management."
Life Coach,What are the best ways to gain hands-on experience in Life Coach?,"Gaining experience in Life Coach can be done through internships, freelance projects, mentorship programs, and practical training."
Marine Biologist,What skills are essential to becoming a successful Marine Biologist?,"Key skills for a successful Marine Biologist include technical expertise, problem-solving abilities, communication skills, and adaptability."
Marine Biologist,What educational background is required for a career in Marine Biologist?,"A degree in a relevant field such as [specific field] is typically required for a career in Marine Biologist. However, certifications and self-learning can also be valuable."
Marine Biologist,What are the biggest challenges faced by professionals in Marine Biologist?,"Challenges in Marine Biologist include staying updated with industry trends, maintaining work-life balance, dealing with competition, and adapting to technological advancements."
Marine Biologist,What does a typical day look like for a Marine Biologist?,"A typical day for a Marine Biologist involves tasks like [common daily activities], collaborating with teams, and continuous learning to improve skills."
Marine Biologist,What are some emerging trends in Marine Biologist?,"Emerging trends in Marine Biologist include advancements in technology, new methodologies, and industry-specific innovations that are shaping the future."
Marine Biologist,How do professionals in Marine Biologist stay updated with industry developments?,"Professionals in Marine Biologist stay updated by attending conferences, taking online courses, networking, and reading industry publications."
Marine Biologist,What are the most common career paths leading to Marine Biologist?,"Common career paths leading to Marine Biologist include starting with an entry-level role, gaining experience, and specializing in a niche area over time."
Marine Biologist,What are the key responsibilities of a Marine Biologist?,"The key responsibilities of a Marine Biologist include [primary tasks], ensuring quality work, and contributing to the industry through innovation."
Marine Biologist,What soft skills are necessary for excelling in Marine Biologist?,"Important soft skills for Marine Biologist include communication, teamwork, creativity, adaptability, and time management."
Marine Biologist,What are the best ways to gain hands-on experience in Marine Biologist?,"Gaining experience in Marine Biologist can be done through internships, freelance projects, mentorship programs, and practical training."
Motivational Speaker,What skills are essential to becoming a successful Motivational Speaker?,"Key skills for a successful Motivational Speaker include technical expertise, problem-solving abilities, communication skills, and adaptability."
Motivational Speaker,What educational background is required for a career in Motivational Speaker?,"A degree in a relevant field such as [specific field] is typically required for a career in Motivational Speaker. However, certifications and self-learning can also be valuable."
Motivational Speaker,What are the biggest challenges faced by professionals in Motivational Speaker?,"Challenges in Motivational Speaker include staying updated with industry trends, maintaining work-life balance, dealing with competition, and adapting to technological advancements."
Motivational Speaker,What does a typical day look like for a Motivational Speaker?,"A typical day for a Motivational Speaker involves tasks like [common daily activities], collaborating with teams, and continuous learning to improve skills."
Motivational Speaker,What are some emerging trends in Motivational Speaker?,"Emerging trends in Motivational Speaker include advancements in technology, new methodologies, and industry-specific innovations that are shaping the future."
Motivational Speaker,How do professionals in Motivational Speaker stay updated with industry developments?,"Professionals in Motivational Speaker stay updated by attending conferences, taking online courses, networking, and reading industry publications."
Motivational Speaker,What are the most common career paths leading to Motivational Speaker?,"Common career paths leading to Motivational Speaker include starting with an entry-level role, gaining experience, and specializing in a niche area over time."
Motivational Speaker,What are the key responsibilities of a Motivational Speaker?,"The key responsibilities of a Motivational Speaker include [primary tasks], ensuring quality work, and contributing to the industry through innovation."
Motivational Speaker,What soft skills are necessary for excelling in Motivational Speaker?,"Important soft skills for Motivational Speaker include communication, teamwork, creativity, adaptability, and time management."
Motivational Speaker,What are the best ways to gain hands-on experience in Motivational Speaker?,"Gaining experience in Motivational Speaker can be done through internships, freelance projects, mentorship programs, and practical training."
Music Producer,What skills are essential to becoming a successful Music Producer?,"Key skills for a successful Music Producer include technical expertise, problem-solving abilities, communication skills, and adaptability."
Music Producer,What educational background is required for a career in Music Producer?,"A degree in a relevant field such as [specific field] is typically required for a career in Music Producer. However, certifications and self-learning can also be valuable."
Music Producer,What are the biggest challenges faced by professionals in Music Producer?,"Challenges in Music Producer include staying updated with industry trends, maintaining work-life balance, dealing with competition, and adapting to technological advancements."
Music Producer,What does a typical day look like for a Music Producer?,"A typical day for a Music Producer involves tasks like [common daily activities], collaborating with teams, and continuous learning to improve skills."
Music Producer,What are some emerging trends in Music Producer?,"Emerging trends in Music Producer include advancements in technology, new methodologies, and industry-specific innovations that are shaping the future."
Music Producer,How do professionals in Music Producer stay updated with industry developments?,"Professionals in Music Producer stay updated by attending conferences, taking online courses, networking, and reading industry publications."
Music Producer,What are the most common career paths leading to Music Producer?,"Common career paths leading to Music Producer include starting with an entry-level role, gaining experience, and specializing in a niche area over time."
Music Producer,What are the key responsibilities of a Music Producer?,"The key responsibilities of a Music Producer include [primary tasks], ensuring quality work, and contributing to the industry through innovation."
Music Producer,What soft skills are necessary for excelling in Music Producer?,"Important soft skills for Music Producer include communication, teamwork, creativity, adaptability, and time management."
Music Producer,What are the best ways to gain hands-on experience in Music Producer?,"Gaining experience in Music Producer can be done through internships, freelance projects, mentorship programs, and practical training."
Music Teacher,What skills are essential to becoming a successful Music Teacher?,"Key skills for a successful Music Teacher include technical expertise, problem-solving abilities, communication skills, and adaptability."
Music Teacher,What educational background is required for a career in Music Teacher?,"A degree in a relevant field such as [specific field] is typically required for a career in Music Teacher. However, certifications and self-learning can also be valuable."
Music Teacher,What are the biggest challenges faced by professionals in Music Teacher?,"Challenges in Music Teacher include staying updated with industry trends, maintaining work-life balance, dealing with competition, and adapting to technological advancements."
Music Teacher,What does a typical day look like for a Music Teacher?,"A typical day for a Music Teacher involves tasks like [common daily activities], collaborating with teams, and continuous learning to improve skills."
Music Teacher,What are some emerging trends in Music Teacher?,"Emerging trends in Music Teacher include advancements in technology, new methodologies, and industry-specific innovations that are shaping the future."
Music Teacher,How do professionals in Music Teacher stay updated with industry developments?,"Professionals in Music Teacher stay updated by attending conferences, taking online courses, networking, and reading industry publications."
Music Teacher,What are the most common career paths leading to Music Teacher?,"Common career paths leading to Music Teacher include starting with an entry-level role, gaining experience, and specializing in a niche area over time."
Music Teacher,What are the key responsibilities of a Music Teacher?,"The key responsibilities of a Music Teacher include [primary tasks], ensuring quality work, and contributing to the industry through innovation."
Music Teacher,What soft skills are necessary for excelling in Music Teacher?,"Important soft skills for Music Teacher include communication, teamwork, creativity, adaptability, and time management."
Music Teacher,What are the best ways to gain hands-on experience in Music Teacher?,"Gaining experience in Music Teacher can be done through internships, freelance projects, mentorship programs, and practical training."
Philosopher,What skills are essential to becoming a successful Philosopher?,"Key skills for a successful Philosopher include technical expertise, problem-solving abilities, communication skills, and adaptability."
Philosopher,What educational background is required for a career in Philosopher?,"A degree in a relevant field such as [specific field] is typically required for a career in Philosopher. However, certifications and self-learning can also be valuable."
Philosopher,What are the biggest challenges faced by professionals in Philosopher?,"Challenges in Philosopher include staying updated with industry trends, maintaining work-life balance, dealing with competition, and adapting to technological advancements."
Philosopher,What does a typical day look like for a Philosopher?,"A typical day for a Philosopher involves tasks like [common daily activities], collaborating with teams, and continuous learning to improve skills."
Philosopher,What are some emerging trends in Philosopher?,"Emerging trends in Philosopher include advancements in technology, new methodologies, and industry-specific innovations that are shaping the future."
Philosopher,How do professionals in Philosopher stay updated with industry developments?,"Professionals in Philosopher stay updated by attending conferences, taking online courses, networking, and reading industry publications."
Philosopher,What are the most common career paths leading to Philosopher?,"Common career paths leading to Philosopher include starting with an entry-level role, gaining experience, and specializing in a niche area over time."
Philosopher,What are the key responsibilities of a Philosopher?,"The key responsibilities of a Philosopher include [primary tasks], ensuring quality work, and contributing to the industry through innovation."
Philosopher,What soft skills are necessary for excelling in Philosopher?,"Important soft skills for Philosopher include communication, teamwork, creativity, adaptability, and time management."
Philosopher,What are the best ways to gain hands-on experience in Philosopher?,"Gaining experience in Philosopher can be done through internships, freelance projects, mentorship programs, and practical training."
Physiotherapist,What skills are essential to becoming a successful Physiotherapist?,"Key skills for a successful Physiotherapist include technical expertise, problem-solving abilities, communication skills, and adaptability."
Physiotherapist,What educational background is required for a career in Physiotherapist?,"A degree in a relevant field such as [specific field] is typically required for a career in Physiotherapist. However, certifications and self-learning can also be valuable."
Physiotherapist,What are the biggest challenges faced by professionals in Physiotherapist?,"Challenges in Physiotherapist include staying updated with industry trends, maintaining work-life balance, dealing with competition, and adapting to technological advancements."
Physiotherapist,What does a typical day look like for a Physiotherapist?,"A typical day for a Physiotherapist involves tasks like [common daily activities], collaborating with teams, and continuous learning to improve skills."
Physiotherapist,What are some emerging trends in Physiotherapist?,"Emerging trends in Physiotherapist include advancements in technology, new methodologies, and industry-specific innovations that are shaping the future."
Physiotherapist,How do professionals in Physiotherapist stay updated with industry developments?,"Professionals in Physiotherapist stay updated by attending conferences, taking online courses, networking, and reading industry publications."
Physiotherapist,What are the most common career paths leading to Physiotherapist?,"Common career paths leading to Physiotherapist include starting with an entry-level role, gaining experience, and specializing in a niche area over time."
Physiotherapist,What are the key responsibilities of a Physiotherapist?,"The key responsibilities of a Physiotherapist include [primary tasks], ensuring quality work, and contributing to the industry through innovation."
Physiotherapist,What soft skills are necessary for excelling in Physiotherapist?,"Important soft skills for Physiotherapist include communication, teamwork, creativity, adaptability, and time management."
Physiotherapist,What are the best ways to gain hands-on experience in Physiotherapist?,"Gaining experience in Physiotherapist can be done through internships, freelance projects, mentorship programs, and practical training."
Professional Athlete,What skills are essential to becoming a successful Professional Athlete?,"Key skills for a successful Professional Athlete include technical expertise, problem-solving abilities, communication skills, and adaptability."
Professional Athlete,What educational background is required for a career in Professional Athlete?,"A degree in a relevant field such as [specific field] is typically required for a career in Professional Athlete. However, certifications and self-learning can also be valuable."
Professional Athlete,What are the biggest challenges faced by professionals in Professional Athlete?,"Challenges in Professional Athlete include staying updated with industry trends, maintaining work-life balance, dealing with competition, and adapting to technological advancements."
Professional Athlete,What does a typical day look like for a Professional Athlete?,"A typical day for a Professional Athlete involves tasks like [common daily activities], collaborating with teams, and continuous learning to improve skills."
Professional Athlete,What are some emerging trends in Professional Athlete?,"Emerging trends in Professional Athlete include advancements in technology, new methodologies, and industry-specific innovations that are shaping the future."
Professional Athlete,How do professionals in Professional Athlete stay updated with industry developments?,"Professionals in Professional Athlete stay updated by attending conferences, taking online courses, networking, and reading industry publications."
Professional Athlete,What are the most common career paths leading to Professional Athlete?,"Common career paths leading to Professional Athlete include starting with an entry-level role, gaining experience, and specializing in a niche area over time."
Professional Athlete,What are the key responsibilities of a Professional Athlete?,"The key responsibilities of a Professional Athlete include [primary tasks], ensuring quality work, and contributing to the industry through innovation."
Professional Athlete,What soft skills are necessary for excelling in Professional Athlete?,"Important soft skills for Professional Athlete include communication, teamwork, creativity, adaptability, and time management."
Professional Athlete,What are the best ways to gain hands-on experience in Professional Athlete?,"Gaining experience in Professional Athlete can be done through internships, freelance projects, mentorship programs, and practical training."
Professor,What skills are essential to becoming a successful Professor?,"Key skills for a successful Professor include technical expertise, problem-solving abilities, communication skills, and adaptability."
Professor,What educational background is required for a career in Professor?,"A degree in a relevant field such as [specific field] is typically required for a career in Professor. However, certifications and self-learning can also be valuable."
Professor,What are the biggest challenges faced by professionals in Professor?,"Challenges in Professor include staying updated with industry trends, maintaining work-life balance, dealing with competition, and adapting to technological advancements."
Professor,What does a typical day look like for a Professor?,"A typical day for a Professor involves tasks like [common daily activities], collaborating with teams, and continuous learning to improve skills."
Professor,What are some emerging trends in Professor?,"Emerging trends in Professor include advancements in technology, new methodologies, and industry-specific innovations that are shaping the future."
Professor,How do professionals in Professor stay updated with industry developments?,"Professionals in Professor stay updated by attending conferences, taking online courses, networking, and reading industry publications."
Professor,What are the most common career paths leading to Professor?,"Common career paths leading to Professor include starting with an entry-level role, gaining experience, and specializing in a niche area over time."
Professor,What are the key responsibilities of a Professor?,"The key responsibilities of a Professor include [primary tasks], ensuring quality work, and contributing to the industry through innovation."
Professor,What soft skills are necessary for excelling in Professor?,"Important soft skills for Professor include communication, teamwork, creativity, adaptability, and time management."
Professor,What are the best ways to gain hands-on experience in Professor?,"Gaining experience in Professor can be done through internships, freelance projects, mentorship programs, and practical training."
Psychologist,What skills are essential to becoming a successful Psychologist?,"Key skills for a successful Psychologist include technical expertise, problem-solving abilities, communication skills, and adaptability."
Psychologist,What educational background is required for a career in Psychologist?,"A degree in a relevant field such as [specific field] is typically required for a career in Psychologist. However, certifications and self-learning can also be valuable."
Psychologist,What are the biggest challenges faced by professionals in Psychologist?,"Challenges in Psychologist include staying updated with industry trends, maintaining work-life balance, dealing with competition, and adapting to technological advancements."
Psychologist,What does a typical day look like for a Psychologist?,"A typical day for a Psychologist involves tasks like [common daily activities], collaborating with teams, and continuous learning to improve skills."
Psychologist,What are some emerging trends in Psychologist?,"Emerging trends in Psychologist include advancements in technology, new methodologies, and industry-specific innovations that are shaping the future."
Psychologist,How do professionals in Psychologist stay updated with industry developments?,"Professionals in Psychologist stay updated by attending conferences, taking online courses, networking, and reading industry publications."
Psychologist,What are the most common career paths leading to Psychologist?,"Common career paths leading to Psychologist include starting with an entry-level role, gaining experience, and specializing in a niche area over time."
Psychologist,What are the key responsibilities of a Psychologist?,"The key responsibilities of a Psychologist include [primary tasks], ensuring quality work, and contributing to the industry through innovation."
Psychologist,What soft skills are necessary for excelling in Psychologist?,"Important soft skills for Psychologist include communication, teamwork, creativity, adaptability, and time management."
Psychologist,What are the best ways to gain hands-on experience in Psychologist?,"Gaining experience in Psychologist can be done through internships, freelance projects, mentorship programs, and practical training."
Public Speaker,What skills are essential to becoming a successful Public Speaker?,"Key skills for a successful Public Speaker include technical expertise, problem-solving abilities, communication skills, and adaptability."
Public Speaker,What educational background is required for a career in Public Speaker?,"A degree in a relevant field such as [specific field] is typically required for a career in Public Speaker. However, certifications and self-learning can also be valuable."
Public Speaker,What are the biggest challenges faced by professionals in Public Speaker?,"Challenges in Public Speaker include staying updated with industry trends, maintaining work-life balance, dealing with competition, and adapting to technological advancements."
Public Speaker,What does a typical day look like for a Public Speaker?,"A typical day for a Public Speaker involves tasks like [common daily activities], collaborating with teams, and continuous learning to improve skills."
Public Speaker,What are some emerging trends in Public Speaker?,"Emerging trends in Public Speaker include advancements in technology, new methodologies, and industry-specific innovations that are shaping the future."
Public Speaker,How do professionals in Public Speaker stay updated with industry developments?,"Professionals in Public Speaker stay updated by attending conferences, taking online courses, networking, and reading industry publications."
Public Speaker,What are the most common career paths leading to Public Speaker?,"Common career paths leading to Public Speaker include starting with an entry-level role, gaining experience, and specializing in a niche area over time."
Public Speaker,What are the key responsibilities of a Public Speaker?,"The key responsibilities of a Public Speaker include [primary tasks], ensuring quality work, and contributing to the industry through innovation."
Public Speaker,What soft skills are necessary for excelling in Public Speaker?,"Important soft skills for Public Speaker include communication, teamwork, creativity, adaptability, and time management."
Public Speaker,What are the best ways to gain hands-on experience in Public Speaker?,"Gaining experience in Public Speaker can be done through internships, freelance projects, mentorship programs, and practical training."
Researcher,What skills are essential to becoming a successful Researcher?,"Key skills for a successful Researcher include technical expertise, problem-solving abilities, communication skills, and adaptability."
Researcher,What educational background is required for a career in Researcher?,"A degree in a relevant field such as [specific field] is typically required for a career in Researcher. However, certifications and self-learning can also be valuable."
Researcher,What are the biggest challenges faced by professionals in Researcher?,"Challenges in Researcher include staying updated with industry trends, maintaining work-life balance, dealing with competition, and adapting to technological advancements."
Researcher,What does a typical day look like for a Researcher?,"A typical day for a Researcher involves tasks like [common daily activities], collaborating with teams, and continuous learning to improve skills."
Researcher,What are some emerging trends in Researcher?,"Emerging trends in Researcher include advancements in technology, new methodologies, and industry-specific innovations that are shaping the future."
Researcher,How do professionals in Researcher stay updated with industry developments?,"Professionals in Researcher stay updated by attending conferences, taking online courses, networking, and reading industry publications."
Researcher,What are the most common career paths leading to Researcher?,"Common career paths leading to Researcher include starting with an entry-level role, gaining experience, and specializing in a niche area over time."
Researcher,What are the key responsibilities of a Researcher?,"The key responsibilities of a Researcher include [primary tasks], ensuring quality work, and contributing to the industry through innovation."
Researcher,What soft skills are necessary for excelling in Researcher?,"Important soft skills for Researcher include communication, teamwork, creativity, adaptability, and time management."
Researcher,What are the best ways to gain hands-on experience in Researcher?,"Gaining experience in Researcher can be done through internships, freelance projects, mentorship programs, and practical training."
Social Worker,What skills are essential to becoming a successful Social Worker?,"Key skills for a successful Social Worker include technical expertise, problem-solving abilities, communication skills, and adaptability."
Social Worker,What educational background is required for a career in Social Worker?,"A degree in a relevant field such as [specific field] is typically required for a career in Social Worker. However, certifications and self-learning can also be valuable."
Social Worker,What are the biggest challenges faced by professionals in Social Worker?,"Challenges in Social Worker include staying updated with industry trends, maintaining work-life balance, dealing with competition, and adapting to technological advancements."
Social Worker,What does a typical day look like for a Social Worker?,"A typical day for a Social Worker involves tasks like [common daily activities], collaborating with teams, and continuous learning to improve skills."
Social Worker,What are some emerging trends in Social Worker?,"Emerging trends in Social Worker include advancements in technology, new methodologies, and industry-specific innovations that are shaping the future."
Social Worker,How do professionals in Social Worker stay updated with industry developments?,"Professionals in Social Worker stay updated by attending conferences, taking online courses, networking, and reading industry publications."
Social Worker,What are the most common career paths leading to Social Worker?,"Common career paths leading to Social Worker include starting with an entry-level role, gaining experience, and specializing in a niche area over time."
Social Worker,What are the key responsibilities of a Social Worker?,"The key responsibilities of a Social Worker include [primary tasks], ensuring quality work, and contributing to the industry through innovation."
Social Worker,What soft skills are necessary for excelling in Social Worker?,"Important soft skills for Social Worker include communication, teamwork, creativity, adaptability, and time management."
Social Worker,What are the best ways to gain hands-on experience in Social Worker?,"Gaining experience in Social Worker can be done through internships, freelance projects, mentorship programs, and practical training."
Software Engineer,What skills are essential to becoming a successful Software Engineer?,"Key skills for a successful Software Engineer include technical expertise, problem-solving abilities, communication skills, and adaptability."
Software Engineer,What educational background is required for a career in Software Engineer?,"A degree in a relevant field such as [specific field] is typically required for a career in Software Engineer. However, certifications and self-learning can also be valuable."
Software Engineer,What are the biggest challenges faced by professionals in Software Engineer?,"Challenges in Software Engineer include staying updated with industry trends, maintaining work-life balance, dealing with competition, and adapting to technological advancements."
Software Engineer,What does a typical day look like for a Software Engineer?,"A typical day for a Software Engineer involves tasks like [common daily activities], collaborating with teams, and continuous learning to improve skills."
Software Engineer,What are some emerging trends in Software Engineer?,"Emerging trends in Software Engineer include advancements in technology, new methodologies, and industry-specific innovations that are shaping the future."
Software Engineer,How do professionals in Software Engineer stay updated with industry developments?,"Professionals in Software Engineer stay updated by attending conferences, taking online courses, networking, and reading industry publications."
Software Engineer,What are the most common career paths leading to Software Engineer?,"Common career paths leading to Software Engineer include starting with an entry-level role, gaining experience, and specializing in a niche area over time."
Software Engineer,What are the key responsibilities of a Software Engineer?,"The key responsibilities of a Software Engineer include [primary tasks], ensuring quality work, and contributing to the industry through innovation."
Software Engineer,What soft skills are necessary for excelling in Software Engineer?,"Important soft skills for Software Engineer include communication, teamwork, creativity, adaptability, and time management."
Software Engineer,What are the best ways to gain hands-on experience in Software Engineer?,"Gaining experience in Software Engineer can be done through internships, freelance projects, mentorship programs, and practical training."
Sound Engineer,What skills are essential to becoming a successful Sound Engineer?,"Key skills for a successful Sound Engineer include technical expertise, problem-solving abilities, communication skills, and adaptability."
Sound Engineer,What educational background is required for a career in Sound Engineer?,"A degree in a relevant field such as [specific field] is typically required for a career in Sound Engineer. However, certifications and self-learning can also be valuable."
Sound Engineer,What are the biggest challenges faced by professionals in Sound Engineer?,"Challenges in Sound Engineer include staying updated with industry trends, maintaining work-life balance, dealing with competition, and adapting to technological advancements."
Sound Engineer,What does a typical day look like for a Sound Engineer?,"A typical day for a Sound Engineer involves tasks like [common daily activities], collaborating with teams, and continuous learning to improve skills."
Sound Engineer,What are some emerging trends in Sound Engineer?,"Emerging trends in Sound Engineer include advancements in technology, new methodologies, and industry-specific innovations that are shaping the future."
Sound Engineer,How do professionals in Sound Engineer stay updated with industry developments?,"Professionals in Sound Engineer stay updated by attending conferences, taking online courses, networking, and reading industry publications."
Sound Engineer,What are the most common career paths leading to Sound Engineer?,"Common career paths leading to Sound Engineer include starting with an entry-level role, gaining experience, and specializing in a niche area over time."
Sound Engineer,What are the key responsibilities of a Sound Engineer?,"The key responsibilities of a Sound Engineer include [primary tasks], ensuring quality work, and contributing to the industry through innovation."
Sound Engineer,What soft skills are necessary for excelling in Sound Engineer?,"Important soft skills for Sound Engineer include communication, teamwork, creativity, adaptability, and time management."
Sound Engineer,What are the best ways to gain hands-on experience in Sound Engineer?,"Gaining experience in Sound Engineer can be done through internships, freelance projects, mentorship programs, and practical training."
Sociologist,What skills are essential to becoming a successful Sociologist?,"Key skills for a successful Sociologist include technical expertise, problem-solving abilities, communication skills, and adaptability."
Sociologist,What educational background is required for a career in Sociologist?,"A degree in a relevant field such as [specific field] is typically required for a career in Sociologist. However, certifications and self-learning can also be valuable."
Sociologist,What are the biggest challenges faced by professionals in Sociologist?,"Challenges in Sociologist include staying updated with industry trends, maintaining work-life balance, dealing with competition, and adapting to technological advancements."
Sociologist,What does a typical day look like for a Sociologist?,"A typical day for a Sociologist involves tasks like [common daily activities], collaborating with teams, and continuous learning to improve skills."
Sociologist,What are some emerging trends in Sociologist?,"Emerging trends in Sociologist include advancements in technology, new methodologies, and industry-specific innovations that are shaping the future."
Sociologist,How do professionals in Sociologist stay updated with industry developments?,"Professionals in Sociologist stay updated by attending conferences, taking online courses, networking, and reading industry publications."
Sociologist,What are the most common career paths leading to Sociologist?,"Common career paths leading to Sociologist include starting with an entry-level role, gaining experience, and specializing in a niche area over time."
Sociologist,What are the key responsibilities of a Sociologist?,"The key responsibilities of a Sociologist include [primary tasks], ensuring quality work, and contributing to the industry through innovation."
Sociologist,What soft skills are necessary for excelling in Sociologist?,"Important soft skills for Sociologist include communication, teamwork, creativity, adaptability, and time management."
Sociologist,What are the best ways to gain hands-on experience in Sociologist?,"Gaining experience in Sociologist can be done through internships, freelance projects, mentorship programs, and practical training."
Surgeon,What skills are essential to becoming a successful Surgeon?,"Key skills for a successful Surgeon include technical expertise, problem-solving abilities, communication skills, and adaptability."
Surgeon,What educational background is required for a career in Surgeon?,"A degree in a relevant field such as [specific field] is typically required for a career in Surgeon. However, certifications and self-learning can also be valuable."
Surgeon,What are the biggest challenges faced by professionals in Surgeon?,"Challenges in Surgeon include staying updated with industry trends, maintaining work-life balance, dealing with competition, and adapting to technological advancements."
Surgeon,What does a typical day look like for a Surgeon?,"A typical day for a Surgeon involves tasks like [common daily activities], collaborating with teams, and continuous learning to improve skills."
Surgeon,What are some emerging trends in Surgeon?,"Emerging trends in Surgeon include advancements in technology, new methodologies, and industry-specific innovations that are shaping the future."
Surgeon,How do professionals in Surgeon stay updated with industry developments?,"Professionals in Surgeon stay updated by attending conferences, taking online courses, networking, and reading industry publications."
Surgeon,What are the most common career paths leading to Surgeon?,"Common career paths leading to Surgeon include starting with an entry-level role, gaining experience, and specializing in a niche area over time."
Surgeon,What are the key responsibilities of a Surgeon?,"The key responsibilities of a Surgeon include [primary tasks], ensuring quality work, and contributing to the industry through innovation."
Surgeon,What soft skills are necessary for excelling in Surgeon?,"Important soft skills for Surgeon include communication, teamwork, creativity, adaptability, and time management."
Surgeon,What are the best ways to gain hands-on experience in Surgeon?,"Gaining experience in Surgeon can be done through internships, freelance projects, mentorship programs, and practical training."
Teacher,What skills are essential to becoming a successful Teacher?,"Key skills for a successful Teacher include technical expertise, problem-solving abilities, communication skills, and adaptability."
Teacher,What educational background is required for a career in Teacher?,"A degree in a relevant field such as [specific field] is typically required for a career in Teacher. However, certifications and self-learning can also be valuable."
Teacher,What are the biggest challenges faced by professionals in Teacher?,"Challenges in Teacher include staying updated with industry trends, maintaining work-life balance, dealing with competition, and adapting to technological advancements."
Teacher,What does a typical day look like for a Teacher?,"A typical day for a Teacher involves tasks like [common daily activities], collaborating with teams, and continuous learning to improve skills."
Teacher,What are some emerging trends in Teacher?,"Emerging trends in Teacher include advancements in technology, new methodologies, and industry-specific innovations that are shaping the future."
Teacher,How do professionals in Teacher stay updated with industry developments?,"Professionals in Teacher stay updated by attending conferences, taking online courses, networking, and reading industry publications."
Teacher,What are the most common career paths leading to Teacher?,"Common career paths leading to Teacher include starting with an entry-level role, gaining experience, and specializing in a niche area over time."
Teacher,What are the key responsibilities of a Teacher?,"The key responsibilities of a Teacher include [primary tasks], ensuring quality work, and contributing to the industry through innovation."
Teacher,What soft skills are necessary for excelling in Teacher?,"Important soft skills for Teacher include communication, teamwork, creativity, adaptability, and time management."
Teacher,What are the best ways to gain hands-on experience in Teacher?,"Gaining experience in Teacher can be done through internships, freelance projects, mentorship programs, and practical training."
Theologian,What skills are essential to becoming a successful Theologian?,"Key skills for a successful Theologian include technical expertise, problem-solving abilities, communication skills, and adaptability."
Theologian,What educational background is required for a career in Theologian?,"A degree in a relevant field such as [specific field] is typically required for a career in Theologian. However, certifications and self-learning can also be valuable."
Theologian,What are the biggest challenges faced by professionals in Theologian?,"Challenges in Theologian include staying updated with industry trends, maintaining work-life balance, dealing with competition, and adapting to technological advancements."
Theologian,What does a typical day look like for a Theologian?,"A typical day for a Theologian involves tasks like [common daily activities], collaborating with teams, and continuous learning to improve skills."
Theologian,What are some emerging trends in Theologian?,"Emerging trends in Theologian include advancements in technology, new methodologies, and industry-specific innovations that are shaping the future."
Theologian,How do professionals in Theologian stay updated with industry developments?,"Professionals in Theologian stay updated by attending conferences, taking online courses, networking, and reading industry publications."
Theologian,What are the most common career paths leading to Theologian?,"Common career paths leading to Theologian include starting with an entry-level role, gaining experience, and specializing in a niche area over time."
Theologian,What are the key responsibilities of a Theologian?,"The key responsibilities of a Theologian include [primary tasks], ensuring quality work, and contributing to the industry through innovation."
Theologian,What soft skills are necessary for excelling in Theologian?,"Important soft skills for Theologian include communication, teamwork, creativity, adaptability, and time management."
Theologian,What are the best ways to gain hands-on experience in Theologian?,"Gaining experience in Theologian can be done through internships, freelance projects, mentorship programs, and practical training."
UX/UI Designer,What skills are essential to becoming a successful UX/UI Designer?,"Key skills for a successful UX/UI Designer include technical expertise, problem-solving abilities, communication skills, and adaptability."
UX/UI Designer,What educational background is required for a career in UX/UI Designer?,"A degree in a relevant field such as [specific field] is typically required for a career in UX/UI Designer. However, certifications and self-learning can also be valuable."
UX/UI Designer,What are the biggest challenges faced by professionals in UX/UI Designer?,"Challenges in UX/UI Designer include staying updated with industry trends, maintaining work-life balance, dealing with competition, and adapting to technological advancements."
UX/UI Designer,What does a typical day look like for a UX/UI Designer?,"A typical day for a UX/UI Designer involves tasks like [common daily activities], collaborating with teams, and continuous learning to improve skills."
UX/UI Designer,What are some emerging trends in UX/UI Designer?,"Emerging trends in UX/UI Designer include advancements in technology, new methodologies, and industry-specific innovations that are shaping the future."
UX/UI Designer,How do professionals in UX/UI Designer stay updated with industry developments?,"Professionals in UX/UI Designer stay updated by attending conferences, taking online courses, networking, and reading industry publications."
UX/UI Designer,What are the most common career paths leading to UX/UI Designer?,"Common career paths leading to UX/UI Designer include starting with an entry-level role, gaining experience, and specializing in a niche area over time."
UX/UI Designer,What are the key responsibilities of a UX/UI Designer?,"The key responsibilities of a UX/UI Designer include [primary tasks], ensuring quality work, and contributing to the industry through innovation."
UX/UI Designer,What soft skills are necessary for excelling in UX/UI Designer?,"Important soft skills for UX/UI Designer include communication, teamwork, creativity, adaptability, and time management."
UX/UI Designer,What are the best ways to gain hands-on experience in UX/UI Designer?,"Gaining experience in UX/UI Designer can be done through internships, freelance projects, mentorship programs, and practical training."
Wildlife Biologist,What skills are essential to becoming a successful Wildlife Biologist?,"Key skills for a successful Wildlife Biologist include technical expertise, problem-solving abilities, communication skills, and adaptability."
Wildlife Biologist,What educational background is required for a career in Wildlife Biologist?,"A degree in a relevant field such as [specific field] is typically required for a career in Wildlife Biologist. However, certifications and self-learning can also be valuable."
Wildlife Biologist,What are the biggest challenges faced by professionals in Wildlife Biologist?,"Challenges in Wildlife Biologist include staying updated with industry trends, maintaining work-life balance, dealing with competition, and adapting to technological advancements."
Wildlife Biologist,What does a typical day look like for a Wildlife Biologist?,"A typical day for a Wildlife Biologist involves tasks like [common daily activities], collaborating with teams, and continuous learning to improve skills."
Wildlife Biologist,What are some emerging trends in Wildlife Biologist?,"Emerging trends in Wildlife Biologist include advancements in technology, new methodologies, and industry-specific innovations that are shaping the future."
Wildlife Biologist,How do professionals in Wildlife Biologist stay updated with industry developments?,"Professionals in Wildlife Biologist stay updated by attending conferences, taking online courses, networking, and reading industry publications."
Wildlife Biologist,What are the most common career paths leading to Wildlife Biologist?,"Common career paths leading to Wildlife Biologist include starting with an entry-level role, gaining experience, and specializing in a niche area over time."
Wildlife Biologist,What are the key responsibilities of a Wildlife Biologist?,"The key responsibilities of a Wildlife Biologist include [primary tasks], ensuring quality work, and contributing to the industry through innovation."
Wildlife Biologist,What soft skills are necessary for excelling in Wildlife Biologist?,"Important soft skills for Wildlife Biologist include communication, teamwork, creativity, adaptability, and time management."
Wildlife Biologist,What are the best ways to gain hands-on experience in Wildlife Biologist?,"Gaining experience in Wildlife Biologist can be done through internships, freelance projects, mentorship programs, and practical training."
Writer,What skills are essential to becoming a successful Writer?,"Key skills for a successful Writer include technical expertise, problem-solving abilities, communication skills, and adaptability."
Writer,What educational background is required for a career in Writer?,"A degree in a relevant field such as [specific field] is typically required for a career in Writer. However, certifications and self-learning can also be valuable."
Writer,What are the biggest challenges faced by professionals in Writer?,"Challenges in Writer include staying updated with industry trends, maintaining work-life balance, dealing with competition, and adapting to technological advancements."
Writer,What does a typical day look like for a Writer?,"A typical day for a Writer involves tasks like [common daily activities], collaborating with teams, and continuous learning to improve skills."
Writer,What are some emerging trends in Writer?,"Emerging trends in Writer include advancements in technology, new methodologies, and industry-specific innovations that are shaping the future."
Writer,How do professionals in Writer stay updated with industry developments?,"Professionals in Writer stay updated by attending conferences, taking online courses, networking, and reading industry publications."
Writer,What are the most common career paths leading to Writer?,"Common career paths leading to Writer include starting with an entry-level role, gaining experience, and specializing in a niche area over time."
Writer,What are the key responsibilities of a Writer?,"The key responsibilities of a Writer include [primary tasks], ensuring quality work, and contributing to the industry through innovation."
Writer,What soft skills are necessary for excelling in Writer?,"Important soft skills for Writer include communication, teamwork, creativity, adaptability, and time management."
Writer,What are the best ways to gain hands-on experience in Writer?,"Gaining experience in Writer can be done through internships, freelance projects, mentorship programs, and practical training."
Urban Planner,What skills are essential to becoming a successful Urban Planner?,"Key skills for a successful Urban Planner include technical expertise, problem-solving abilities, communication skills, and adaptability."
Urban Planner,What educational background is required for a career in Urban Planner?,"A degree in a relevant field such as [specific field] is typically required for a career in Urban Planner. However, certifications and self-learning can also be valuable."
Urban Planner,What are the biggest challenges faced by professionals in Urban Planner?,"Challenges in Urban Planner include staying updated with industry trends, maintaining work-life balance, dealing with competition, and adapting to technological advancements."
Urban Planner,What does a typical day look like for a Urban Planner?,"A typical day for a Urban Planner involves tasks like [common daily activities], collaborating with teams, and continuous learning to improve skills."
Urban Planner,What are some emerging trends in Urban Planner?,"Emerging trends in Urban Planner include advancements in technology, new methodologies, and industry-specific innovations that are shaping the future."
Urban Planner,How do professionals in Urban Planner stay updated with industry developments?,"Professionals in Urban Planner stay updated by attending conferences, taking online courses, networking, and reading industry publications."
Urban Planner,What are the most common career paths leading to Urban Planner?,"Common career paths leading to Urban Planner include starting with an entry-level role, gaining experience, and specializing in a niche area over time."
Urban Planner,What are the key responsibilities of a Urban Planner?,"The key responsibilities of a Urban Planner include [primary tasks], ensuring quality work, and contributing to the industry through innovation."
Urban Planner,What soft skills are necessary for excelling in Urban Planner?,"Important soft skills for Urban Planner include communication, teamwork, creativity, adaptability, and time management."
Urban Planner,What are the best ways to gain hands-on experience in Urban Planner?,"Gaining experience in Urban Planner can be done through internships, freelance projects, mentorship programs, and practical training."
Conservationist,What skills are essential to becoming a successful Conservationist?,"Key skills for a successful Conservationist include technical expertise, problem-solving abilities, communication skills, and adaptability."
Conservationist,What educational background is required for a career in Conservationist?,"A degree in a relevant field such as [specific field] is typically required for a career in Conservationist. However, certifications and self-learning can also be valuable."
Conservationist,What are the biggest challenges faced by professionals in Conservationist?,"Challenges in Conservationist include staying updated with industry trends, maintaining work-life balance, dealing with competition, and adapting to technological advancements."
Conservationist,What does a typical day look like for a Conservationist?,"A typical day for a Conservationist involves tasks like [common daily activities], collaborating with teams, and continuous learning to improve skills."
Conservationist,What are some emerging trends in Conservationist?,"Emerging trends in Conservationist include advancements in technology, new methodologies, and industry-specific innovations that are shaping the future."
Conservationist,How do professionals in Conservationist stay updated with industry developments?,"Professionals in Conservationist stay updated by attending conferences, taking online courses, networking, and reading industry publications."
Conservationist,What are the most common career paths leading to Conservationist?,"Common career paths leading to Conservationist include starting with an entry-level role, gaining experience, and specializing in a niche area over time."
Conservationist,What are the key responsibilities of a Conservationist?,"The key responsibilities of a Conservationist include [primary tasks], ensuring quality work, and contributing to the industry through innovation."
Conservationist,What soft skills are necessary for excelling in Conservationist?,"Important soft skills for Conservationist include communication, teamwork, creativity, adaptability, and time management."
Conservationist,What are the best ways to gain hands-on experience in Conservationist?,"Gaining experience in Conservationist can be done through internships, freelance projects, mentorship programs, and practical training."
